﻿{"cameraMode":{"drawMode":0,"name":"Shaded","section":"Shading Mode"},"sceneLighting":false,"audioPlay":false,"sceneViewState":{"showFog":true,"showMaterialUpdate":false,"showSkybox":true,"showFlares":true,"showImageEffects":true,"showParticleSystems":true},"in2DMode":false,"pivot":{"x":12.410846710205079,"y":0.9539670944213867,"z":12.477210998535157},"rotation":{"x":-0.18228842318058015,"y":-0.5987957715988159,"z":0.14235317707061768,"w":-0.7667791247367859},"size":14.412115097045899,"orthographic":false}