﻿{"cameraMode":{"drawMode":0,"name":"Shaded","section":"Shading Mode"},"sceneLighting":true,"audioPlay":false,"sceneViewState":{"showFog":true,"showMaterialUpdate":false,"showSkybox":true,"showFlares":true,"showImageEffects":true,"showParticleSystems":true},"in2DMode":false,"pivot":{"x":18.197290420532228,"y":-0.18148469924926759,"z":14.2821044921875},"rotation":{"x":-0.22471725940704347,"y":-0.6384967565536499,"z":0.2027694582939148,"w":-0.7076076865196228},"size":22.133211135864259,"orthographic":false}